id,generated
0000aaaa,0.4070183702431985
1111bbbb,0.4070183702431985
2222cccc,0.4070183702431985
