id,generated
0000aaaa,0.904074324995383
1111bbbb,0.904074324995383
2222cccc,0.904074324995383
