id,generated
0000aaaa,0.9252317027523255
1111bbbb,0.9281788512354288
2222cccc,0.9281788512354288
