id,generated
0000aaaa,0.7543840582395677
1111bbbb,0.7570625190424898
2222cccc,0.7570625190424898
