id,generated
0000aaaa,0.41233754129218986
1111bbbb,0.41233754129218986
2222cccc,0.41233754129218986
