id,generated
0000aaaa,0.41136732694240213
1111bbbb,0.4113673269424022
2222cccc,0.41136732694240213
